title,rating,director,writer,stars,storyline,genres,release_date,countries_of_origin,language,filming_locations,production_companies,budget,gross_worldwide,runtime
now,2.0,['Jennifer Braun'],"['Peter Stephens', 'Rachel Santos', 'Rachel Santos']","['Jennifer Braun', 'Randy Martinez']",There create land least position this.,"['Family', 'Science Fiction (Sci-Fi)']",2023-05-13,"['Cayman Islands', 'French Polynesia']","['Maltese', 'Pali', 'Nauru', 'Bambara']","['New Andrewfort', 'South Sarah', 'Carmenfort', 'Keithbury', 'North Sharon']",Hensley LLC,5280443,557674,132
usually,5.4,"['Mrs. Jessica Contreras', 'Brian Moore', 'Randy Martinez', 'Mrs. Jessica Contreras']",['Angie Nunez'],"['Pamela Cooper', 'Randy Martinez', 'Timothy Johnson', 'Rachel Santos']",Stock gas bill back.,['Animation'],1985-04-08,"['Bouvet Island (Bouvetoya)', 'Bangladesh', 'Romania', 'Libyan Arab Jamahiriya', 'Paraguay']","['Telugu', 'Avestan']","['Robertborough', 'New Steven', 'Port Emily', 'North Angela']",Kelley-Evans,9001241,8147012,60
evidence,4.4,['Jennifer Braun'],['Brian Moore'],"['Tracy Hendricks', 'Angie Nunez', 'Rachel Santos']",I common focus thus nearly debate before.,"['Comedy', 'Historical', 'Sport']",2009-02-21,"['Slovakia (Slovak Republic)', 'Yemen', 'Sri Lanka', 'Finland', 'Turkey']","['Bihari languages', 'Divehi', 'Amharic']","['Lake Anthonyfurt', 'Millertown', 'Blackburnfurt', 'Port Toni']",Douglas and Sons,3136704,4083651,90
these,3.7,"['Angie Nunez', 'Jennifer Braun', 'Tracy Hendricks', 'Randy Martinez']","['Peter Stephens', 'Angie Nunez']","['Tracy Hendricks', 'Jennifer Braun']",Individual contain care player collection effect again family.,"['Musical', 'War', 'Action', 'Crime']",1979-09-13,"['Yemen', 'Swaziland', 'Canada']",['Galician'],"['New Lesliemouth', 'Davisstad', 'Lake Brandonmouth', 'Port Ericmouth']","Harris, Brown and Franklin",6616613,3261804,139
need,2.4,['Angie Nunez'],"['Angie Nunez', 'Mrs. Jessica Contreras', 'Brian Moore']","['Jennifer Braun', 'Timothy Johnson', 'Tracy Hendricks', 'Pamela Cooper', 'Tracy Hendricks']",Time professor car behavior claim.,"['Western', 'Biographical', 'War', 'Musical', 'Drama']",2012-09-22,['Colombia'],['Polish'],"['North Andrew', 'New Timothy', 'Maryhaven', 'Port Roger', 'New Kevin']","Swanson, Carr and Robinson",2724304,7206566,155
early,2.9,"['Brian Moore', 'Peter Stephens', 'Randy Martinez', 'Jennifer Braun']","['Rachel Santos', 'Randy Martinez', 'Peter Stephens', 'Mrs. Jessica Contreras', 'Randy Martinez']","['Brian Moore', 'Tracy Hendricks', 'Mrs. Jessica Contreras', 'Pamela Cooper', 'Pamela Cooper']",Pattern pick main build.,['Mystery'],2018-12-16,['Ireland'],"['Tagalog', 'Kikuyu']","['Danielleside', 'Riddleside']",Elliott-Leach,8689910,6465441,147
into,6.6,"['Peter Stephens', 'Tracy Hendricks']","['Timothy Johnson', 'Jennifer Braun', 'Pamela Cooper']",['Pamela Cooper'],Friend cut measure he word get.,"['Adventure', 'Musical', 'Family']",2017-02-15,"['Wallis and Futuna', 'Timor-Leste', 'Korea', 'Zambia']","['Sotho, Southern', 'Herero']","['Lake Sarahview', 'East Stephanie', 'Krauseport', 'West Paultown']",Torres LLC,6135039,5970649,98
current,9.2,"['Timothy Johnson', 'Tracy Hendricks', 'Timothy Johnson', 'Angie Nunez']",['Peter Stephens'],"['Peter Stephens', 'Angie Nunez', 'Rachel Santos', 'Rachel Santos', 'Mrs. Jessica Contreras']",Strategy region before event.,"['Family', 'Family', 'Mystery']",1993-09-17,"['Cuba', 'Ukraine', 'Mauritania', 'Saint Martin']","['Latvian', 'Chinese', 'Tatar', 'Chinese', 'Javanese']","['East Nicole', 'Smithfort', 'South Bradley', 'West Brandon']",Morgan and Sons,4035869,2738177,169
color,5.7,"['Angie Nunez', 'Jennifer Braun', 'Tracy Hendricks', 'Jennifer Braun']","['Jennifer Braun', 'Randy Martinez']","['Jennifer Braun', 'Randy Martinez', 'Jennifer Braun']",Want laugh source fish.,"['Adventure', 'Action', 'Adventure', 'Drama']",2004-03-23,"['Afghanistan', 'Georgia', 'Denmark', 'North Macedonia']","['Tagalog', 'Afar']",['Smithmouth'],Wilson-Brown,6777184,7392308,127
gun,6.8,"['Randy Martinez', 'Tracy Hendricks', 'Mrs. Jessica Contreras']","['Tracy Hendricks', 'Tracy Hendricks', 'Timothy Johnson', 'Randy Martinez', 'Randy Martinez']","['Brian Moore', 'Jennifer Braun', 'Tracy Hendricks', 'Jennifer Braun']",Finally able college.,"['Musical', 'Science Fiction (Sci-Fi)', 'Comedy', 'Biographical']",1975-07-22,"['Tajikistan', 'Jordan']",['Venda'],"['Jonesmouth', 'Reedfort', 'South Cynthia', 'Hudsonmouth', 'West Frank']","Monroe, Cox and Johnson",8983439,7184622,178
finally,6.5,"['Pamela Cooper', 'Peter Stephens']",['Timothy Johnson'],"['Tracy Hendricks', 'Pamela Cooper', 'Mrs. Jessica Contreras', 'Angie Nunez', 'Angie Nunez']",Yourself myself really air station provide.,"['Horror', 'Action', 'Musical', 'Action', 'War']",1987-08-13,"['Malawi', 'United Kingdom', 'Chile', 'Zimbabwe', 'Mayotte']","['Aymara', 'Avaric']","['South Samuel', 'North Heather']",Stephens Group,8304265,9406090,113
rather,7.8,"['Angie Nunez', 'Timothy Johnson']","['Tracy Hendricks', 'Mrs. Jessica Contreras', 'Timothy Johnson', 'Peter Stephens']","['Angie Nunez', 'Peter Stephens', 'Jennifer Braun', 'Rachel Santos', 'Mrs. Jessica Contreras']",Financial out free pay week win.,"['Comedy', 'Science Fiction (Sci-Fi)']",2013-12-01,"['South Africa', 'Costa Rica', 'Brunei Darussalam', 'Saint Pierre and Miquelon', 'Albania']","['Arabic', 'North Ndebele', 'Luxembourgish', 'Assamese']","['Lake James', 'North Michael', 'Brittanyton']","Hanson, Sandoval and Shields",3184831,3530135,81
successful,4.0,"['Brian Moore', 'Timothy Johnson', 'Brian Moore']",['Timothy Johnson'],['Randy Martinez'],Wait medical find sit history attack.,"['Animation', 'Documentary', 'Adventure', 'Mystery', 'Mystery']",2019-09-05,"['Saint Pierre and Miquelon', 'Fiji', 'Cyprus', 'Reunion', 'Svalbard & Jan Mayen Islands']","['Kinyarwanda', 'Croatian', 'Chuvash']","['Harperport', 'New Timothy', 'Clarketon', 'Sarahport']","Miller, Warner and Brown",6894246,8943891,92
brother,9.7,['Brian Moore'],"['Rachel Santos', 'Mrs. Jessica Contreras', 'Timothy Johnson']","['Timothy Johnson', 'Tracy Hendricks']",Development probably wait laugh similar outside.,"['Biographical', 'Western', 'Romance']",1976-09-26,"['Belize', 'Indonesia', 'Gambia', 'Japan']","['Divehi', 'Hindi', 'Chechen', 'Limburgan', 'Chuvash']","['Lake Angelatown', 'Josebury', 'Parkhaven']",Ross-Villa,2069276,4456230,68
wear,0.8,"['Pamela Cooper', 'Pamela Cooper']","['Mrs. Jessica Contreras', 'Angie Nunez', 'Tracy Hendricks', 'Rachel Santos', 'Rachel Santos']","['Tracy Hendricks', 'Pamela Cooper']",Particular letter director seem spend institution use.,['Action'],1972-11-09,"['Georgia', 'Luxembourg']","['Oriya', 'South Ndebele', 'Maori', 'Turkish', 'Northern Sami']","['Lake Diane', 'East Meganmouth', 'North Michellehaven', 'Davidville']",Bowers-Calderon,4895842,2378305,129
girl,0.7,['Peter Stephens'],"['Peter Stephens', 'Peter Stephens', 'Pamela Cooper', 'Mrs. Jessica Contreras', 'Timothy Johnson']","['Brian Moore', 'Mrs. Jessica Contreras', 'Angie Nunez', 'Rachel Santos']",Billion law my defense more color may around.,['Historical'],2016-05-03,"['Syrian Arab Republic', 'Cape Verde', 'Guinea', 'Italy']","['Oromo', 'Spanish', 'Norwegian Nynorsk', 'Hiri Motu', 'Finnish']",['Port Monica'],"Williamson, Ortega and Wolfe",6384955,5117330,75
popular,9.9,"['Jennifer Braun', 'Pamela Cooper', 'Randy Martinez']","['Pamela Cooper', 'Mrs. Jessica Contreras', 'Peter Stephens', 'Pamela Cooper']",['Brian Moore'],Speech player red usually number call reveal record.,"['Musical', 'Fantasy']",1970-08-03,"[""Lao People's Democratic Republic"", 'Kiribati', 'Bhutan']",['Maori'],"['Kimbury', 'West Jessica', 'Deborahtown']","Roberson, Henderson and Ortiz",9455107,3160129,69
care,7.7,"['Angie Nunez', 'Tracy Hendricks', 'Angie Nunez']","['Jennifer Braun', 'Randy Martinez']",['Brian Moore'],Usually play consider mind approach language size.,"['Western', 'Animation', 'Adventure']",2008-09-27,"['Nauru', 'Albania', 'United Kingdom']","['Tonga', 'Inuktitut', 'Sanskrit', 'Yiddish']","['Hufftown', 'Jaimeport', 'West Timothy', 'Port David']","Johnson, Lin and Lowery",2757515,4676710,122
bit,9.4,"['Peter Stephens', 'Tracy Hendricks', 'Rachel Santos', 'Tracy Hendricks', 'Brian Moore']","['Peter Stephens', 'Brian Moore', 'Angie Nunez', 'Brian Moore', 'Timothy Johnson']","['Rachel Santos', 'Randy Martinez', 'Mrs. Jessica Contreras', 'Jennifer Braun']",Some stage today or face.,['Biographical'],2008-06-01,"['Jersey', 'Ukraine', 'Northern Mariana Islands', 'Liechtenstein']",['Italian'],"['Karenbury', 'Pamelaton']","Ashley, Garcia and Vaughan",8697456,742038,96
without,1.0,"['Angie Nunez', 'Jennifer Braun', 'Pamela Cooper']","['Timothy Johnson', 'Angie Nunez', 'Jennifer Braun', 'Brian Moore', 'Randy Martinez']","['Pamela Cooper', 'Peter Stephens', 'Tracy Hendricks']",Team yourself student information.,"['Superhero', 'War', 'Crime']",1981-12-26,['Montserrat'],"['Kashmiri', 'Ganda', 'Assamese', 'Herero']","['Lake Tonyton', 'Donaldmouth', 'New Carlos', 'West Samantha', 'Parkerton']",Rivera-Delacruz,6110691,1745516,124
either,10.0,"['Tracy Hendricks', 'Angie Nunez', 'Timothy Johnson', 'Rachel Santos', 'Brian Moore']","['Pamela Cooper', 'Mrs. Jessica Contreras', 'Mrs. Jessica Contreras']","['Randy Martinez', 'Jennifer Braun', 'Pamela Cooper']",Deep another room chair.,"['Historical', 'Western']",1992-06-09,"['Peru', 'Netherlands', 'Congo', 'Martinique']","['Divehi', 'German', 'Dzongkha', 'Yiddish']","['Padillaview', 'Grantville']",Wood PLC,797206,4582358,69
such,0.4,"['Timothy Johnson', 'Peter Stephens', 'Rachel Santos']","['Tracy Hendricks', 'Randy Martinez']","['Timothy Johnson', 'Timothy Johnson', 'Tracy Hendricks', 'Brian Moore']",War best fire audience fight at whole.,"['Action', 'Horror', 'Western', 'Adventure', 'Mystery']",1982-10-08,['Ethiopia'],"['Cree', 'Sango', 'Kashmiri']","['New Kiara', 'Simpsonmouth']",Garza-Rodriguez,8585961,7565595,127
no,8.0,"['Mrs. Jessica Contreras', 'Tracy Hendricks', 'Brian Moore']","['Timothy Johnson', 'Rachel Santos', 'Timothy Johnson', 'Peter Stephens']","['Timothy Johnson', 'Peter Stephens', 'Angie Nunez']",Candidate base job sense.,"['Action', 'Sport', 'Thriller', 'Historical']",2003-07-21,"['Korea', 'Congo']","['Tagalog', 'Chamorro']","['Port Stephaniestad', 'Brookefort', 'Codyville']","Lee, Green and Rose",6059171,3038782,93
owner,9.5,"['Jennifer Braun', 'Mrs. Jessica Contreras']","['Peter Stephens', 'Pamela Cooper', 'Pamela Cooper', 'Angie Nunez']","['Angie Nunez', 'Rachel Santos', 'Pamela Cooper', 'Angie Nunez']",Southern worry coach such fish rise anything.,"['Action', 'Historical', 'Mystery', 'Mystery']",1972-04-19,['Maldives'],"['Kannada', 'Nepali']","['East Wayne', 'Jeremyburgh', 'South Ashleyshire', 'West Bonnie']","Howard, Mitchell and Young",5916968,605191,144
college,6.7,['Pamela Cooper'],"['Pamela Cooper', 'Peter Stephens', 'Brian Moore', 'Tracy Hendricks', 'Randy Martinez']","['Rachel Santos', 'Brian Moore', 'Peter Stephens', 'Jennifer Braun', 'Rachel Santos']",Anything list idea time might where war.,"['Science Fiction (Sci-Fi)', 'Adventure', 'Family', 'Musical', 'Documentary']",2000-05-30,"['Svalbard & Jan Mayen Islands', 'Nicaragua', 'Anguilla', 'French Polynesia', 'Mauritania']",['Sango'],"['Jacobton', 'North Kristina', 'Maryhaven', 'Kristenview', 'Fergusonside']","King, Sharp and Wilson",858395,7363807,101
technology,6.7,['Randy Martinez'],"['Brian Moore', 'Rachel Santos', 'Mrs. Jessica Contreras']","['Angie Nunez', 'Tracy Hendricks', 'Jennifer Braun', 'Mrs. Jessica Contreras']",Almost few far factor sometimes participant service.,['Adventure'],1991-05-12,"['Jordan', 'Ireland']","['Inupiaq', 'Telugu', 'Burmese']","['Laurafort', 'South Jonathanmouth', 'Harrisfurt', 'Annafort']","Caldwell, Williams and Perez",8133503,6718355,117
laugh,0.1,"['Peter Stephens', 'Timothy Johnson', 'Peter Stephens', 'Jennifer Braun']","['Brian Moore', 'Randy Martinez', 'Rachel Santos', 'Brian Moore']","['Pamela Cooper', 'Rachel Santos', 'Mrs. Jessica Contreras', 'Jennifer Braun', 'Tracy Hendricks']",Ever world church least.,"['Fantasy', 'Drama', 'Family', 'Superhero', 'Horror']",2000-09-11,"['Suriname', 'Haiti', 'Niue']","['Bihari languages', 'Interlingue', 'Danish']","['South Brendafort', 'Maxwellburgh', 'Sheppardfort', 'Hansonland']","Williams, Trevino and Brown",4468399,8064280,78
say,7.2,"['Jennifer Braun', 'Mrs. Jessica Contreras', 'Randy Martinez', 'Angie Nunez']","['Brian Moore', 'Brian Moore']",['Jennifer Braun'],Wait piece rule test full.,"['Superhero', 'Musical', 'Family', 'Historical']",1983-02-04,['Congo'],"['Rundi', 'Sindhi', 'Ossetian', 'Herero', 'Slovak']","['East Amandatown', 'Jenniferhaven']","Contreras, Paul and Rodriguez",4754017,6615350,119
social,6.3,"['Rachel Santos', 'Tracy Hendricks', 'Rachel Santos', 'Randy Martinez', 'Pamela Cooper']","['Pamela Cooper', 'Tracy Hendricks', 'Peter Stephens', 'Rachel Santos']","['Angie Nunez', 'Pamela Cooper', 'Mrs. Jessica Contreras', 'Pamela Cooper', 'Jennifer Braun']",Among city arrive others skill but view.,"['Historical', 'Mystery', 'Romance', 'Mystery']",1976-12-29,"['Bouvet Island (Bouvetoya)', 'Brazil']","['Lithuanian', 'Swahili', 'Kurdish', 'Macedonian']",['Zimmermanmouth'],Dillon and Sons,6225614,1263991,63
that,4.3,"['Randy Martinez', 'Angie Nunez', 'Tracy Hendricks', 'Mrs. Jessica Contreras', 'Rachel Santos']","['Timothy Johnson', 'Peter Stephens', 'Tracy Hendricks']","['Jennifer Braun', 'Mrs. Jessica Contreras', 'Pamela Cooper']",Share bank walk without size simple central.,['Documentary'],1988-07-03,"['Mayotte', 'South Georgia and the South Sandwich Islands', 'Nicaragua', 'Reunion']","['Kongo', 'Romanian']",['North Robert'],Richards-Jimenez,9416348,1648551,73
piece,8.6,"['Peter Stephens', 'Peter Stephens', 'Angie Nunez', 'Randy Martinez', 'Randy Martinez']","['Peter Stephens', 'Mrs. Jessica Contreras', 'Timothy Johnson']","['Jennifer Braun', 'Peter Stephens', 'Randy Martinez']",Pretty behavior customer rest project bad it each.,['Fantasy'],1988-02-27,"['Micronesia', 'United States Virgin Islands', 'Brunei Darussalam', 'Pakistan']","['Aymara', 'Swedish']","['Kellyville', 'North Sarahbury', 'North Amber', 'Mendozafurt', 'New Ian']",Johnson Group,1592872,8283892,129
those,9.7,"['Tracy Hendricks', 'Jennifer Braun']","['Peter Stephens', 'Brian Moore', 'Brian Moore', 'Randy Martinez']","['Mrs. Jessica Contreras', 'Brian Moore', 'Mrs. Jessica Contreras', 'Brian Moore', 'Mrs. Jessica Contreras']",Well off social spring Congress often if.,"['Biographical', 'Action', 'Comedy', 'Musical']",1997-07-10,"['France', 'Bermuda']","['Avaric', 'Galician', 'Tonga', 'Amharic', 'Assamese']","['West Eric', 'North Sydneyhaven', 'West Jenna', 'Grahamberg', 'Cynthiaburgh']","Acosta, Edwards and Andersen",1533064,5893384,144
worker,3.4,"['Jennifer Braun', 'Randy Martinez', 'Rachel Santos', 'Peter Stephens', 'Brian Moore']","['Pamela Cooper', 'Brian Moore', 'Rachel Santos']","['Timothy Johnson', 'Angie Nunez', 'Timothy Johnson', 'Mrs. Jessica Contreras', 'Rachel Santos']",Early section itself former.,"['Crime', 'War']",1992-11-18,"['Bangladesh', 'French Southern Territories']","['Norwegian', 'Japanese', 'Latin', 'Tajik']","['Port Peggy', 'Taylorville', 'Blakeshire']","Shea, Richards and White",3890345,8190872,95
quickly,4.6,"['Pamela Cooper', 'Pamela Cooper', 'Angie Nunez', 'Randy Martinez']",['Rachel Santos'],"['Jennifer Braun', 'Jennifer Braun']",Form present yard stage reach population.,"['Superhero', 'Historical', 'Sport', 'Biographical']",1971-04-20,"['Armenia', 'Bosnia and Herzegovina', 'Thailand', 'Djibouti', 'Bouvet Island (Bouvetoya)']","['Church Slavic', 'Quechua', 'Fulah', 'Chuvash']",['Coxborough'],Phillips Inc,7306988,4261788,177
resource,6.0,"['Mrs. Jessica Contreras', 'Randy Martinez', 'Tracy Hendricks', 'Jennifer Braun', 'Tracy Hendricks']","['Timothy Johnson', 'Jennifer Braun']","['Mrs. Jessica Contreras', 'Brian Moore']",Career event data know film policy daughter first.,"['Family', 'Sport', 'Comedy']",1994-07-21,"['Cyprus', 'Uruguay']","['Faroese', 'Kinyarwanda', 'Hungarian']","['Danielville', 'Boydmouth', 'Josephview']","Price, Sullivan and Conner",6273443,5269863,61
exist,1.5,"['Mrs. Jessica Contreras', 'Rachel Santos', 'Pamela Cooper']",['Jennifer Braun'],"['Pamela Cooper', 'Randy Martinez', 'Randy Martinez', 'Rachel Santos']",Make two although play agent new successful.,"['Thriller', 'Comedy', 'Thriller', 'Biographical', 'Action']",1987-02-14,"['Saint Kitts and Nevis', 'San Marino']",['Wolof'],"['East Jennifershire', 'West Olivia', 'Leebury']",Bryant-Ryan,701953,8097793,121
stand,7.9,"['Rachel Santos', 'Randy Martinez', 'Mrs. Jessica Contreras', 'Peter Stephens']","['Rachel Santos', 'Pamela Cooper', 'Timothy Johnson', 'Brian Moore']","['Peter Stephens', 'Brian Moore', 'Pamela Cooper', 'Pamela Cooper']",Painting matter suddenly worker.,['Thriller'],1986-08-10,"['Palau', 'Guernsey', 'Guatemala', 'Kuwait', 'Saudi Arabia']",['Hindi'],"['Heatherville', 'Hawkinsville', 'East Jonathanton']","Harper, Gutierrez and Shah",629091,6330332,87
idea,7.0,"['Randy Martinez', 'Pamela Cooper', 'Angie Nunez']","['Rachel Santos', 'Randy Martinez', 'Timothy Johnson', 'Brian Moore', 'Mrs. Jessica Contreras']",['Mrs. Jessica Contreras'],Yourself accept old you.,"['Mystery', 'Horror']",1994-09-23,"['Germany', ""Lao People's Democratic Republic"", 'Tunisia', 'Ukraine', 'Myanmar']",['Ojibwa'],"['South Phillipberg', 'Brittanytown', 'Mullinsmouth']","Nolan, Dyer and Rangel",9896120,8684768,117
hand,2.4,"['Peter Stephens', 'Pamela Cooper', 'Timothy Johnson', 'Jennifer Braun']",['Randy Martinez'],"['Brian Moore', 'Tracy Hendricks', 'Timothy Johnson']",Section before central both bit bed home.,"['Musical', 'Romance', 'Musical', 'Sport']",2009-08-18,"['Saint Kitts and Nevis', 'Niue']",['Kannada'],"['Jamiemouth', 'Dustinhaven', 'Ambershire']",Harrison-Ingram,103457,514877,155
hair,0.0,"['Timothy Johnson', 'Angie Nunez', 'Tracy Hendricks', 'Tracy Hendricks']","['Brian Moore', 'Tracy Hendricks']","['Pamela Cooper', 'Jennifer Braun']",Situation table end between white huge.,"['Comedy', 'Drama']",2016-04-09,"['Slovakia (Slovak Republic)', 'Cape Verde']",['Luxembourgish'],['Joelport'],"Wilson, Ferrell and Mcclure",6229090,5398128,141
she,9.3,"['Peter Stephens', 'Timothy Johnson', 'Mrs. Jessica Contreras', 'Brian Moore', 'Peter Stephens']",['Pamela Cooper'],"['Peter Stephens', 'Randy Martinez', 'Angie Nunez', 'Rachel Santos']",Within everything finish fast save.,"['Crime', 'Comedy', 'Musical', 'Comedy', 'Fantasy']",1985-12-06,"['Korea', 'Palau']","['Aymara', 'Tigrinya', 'Afrikaans', 'Italian', 'Gujarati']",['Dyerhaven'],Moore-Trujillo,8981077,5185356,125
air,9.7,"['Jennifer Braun', 'Tracy Hendricks', 'Tracy Hendricks', 'Rachel Santos', 'Rachel Santos']","['Angie Nunez', 'Peter Stephens', 'Peter Stephens']","['Rachel Santos', 'Pamela Cooper', 'Angie Nunez']",Early perhaps now produce body you threat right.,"['Mystery', 'Sport', 'Fantasy', 'Historical']",1980-03-31,"['United States Minor Outlying Islands', 'Poland']","['Norwegian Nynorsk', 'Chechen', 'Akan', 'Bashkir', 'Kongo']","['Lake Benjaminborough', 'New Rachel', 'Rachelfurt', 'Masonstad']",Freeman LLC,2414661,150530,88
a,9.7,"['Randy Martinez', 'Peter Stephens', 'Jennifer Braun']","['Pamela Cooper', 'Mrs. Jessica Contreras', 'Jennifer Braun', 'Jennifer Braun']","['Mrs. Jessica Contreras', 'Timothy Johnson', 'Peter Stephens', 'Randy Martinez', 'Randy Martinez']",Why art job.,"['Historical', 'Musical', 'Crime']",1973-07-06,"['Haiti', 'Saudi Arabia', 'Monaco', 'Western Sahara']","['Dutch', 'Swedish', 'Hebrew']","['Oliverbury', 'West Katherine']",Barnes and Sons,8247950,3475417,108
account,0.1,['Rachel Santos'],['Mrs. Jessica Contreras'],"['Timothy Johnson', 'Mrs. Jessica Contreras', 'Mrs. Jessica Contreras', 'Pamela Cooper']",Pm foreign remain machine in practice process.,"['Romance', 'Animation', 'War', 'Comedy']",1981-12-16,"['Central African Republic', 'Holy See (Vatican City State)', 'Israel', 'Estonia']","['Burmese', 'Walloon']","['Lake Danielburgh', 'Port Aliciaside', 'Lake Angelaburgh']",Wu Ltd,2474820,9979266,122
hear,3.0,"['Angie Nunez', 'Peter Stephens', 'Jennifer Braun']",['Brian Moore'],"['Peter Stephens', 'Brian Moore', 'Tracy Hendricks']",Institution model century Mrs should.,"['Crime', 'Drama', 'Superhero', 'Family', 'Historical']",2011-04-19,"['United Kingdom', 'Swaziland', 'Nicaragua', 'Saint Barthelemy']",['Danish'],"['Port Katherine', 'North Saratown', 'North Robert']","Hart, Davenport and Hunter",1000773,534986,78
beautiful,7.8,['Rachel Santos'],"['Angie Nunez', 'Jennifer Braun', 'Tracy Hendricks', 'Pamela Cooper', 'Peter Stephens']","['Angie Nunez', 'Pamela Cooper', 'Mrs. Jessica Contreras']",Mrs event you such learn result scene rate.,"['Crime', 'Sport', 'Historical', 'Documentary', 'Sport']",1970-03-02,"['Hong Kong', 'Congo']","['Malayalam', 'Burmese', 'Kalaallisut', 'Hindi']","['North Charlesfurt', 'South Melanie', 'Jamesville', 'Mistyfurt', 'West Justin']",Reeves-Cabrera,8232265,3977789,98
purpose,7.5,"['Randy Martinez', 'Randy Martinez']","['Timothy Johnson', 'Jennifer Braun', 'Jennifer Braun', 'Mrs. Jessica Contreras']","['Randy Martinez', 'Mrs. Jessica Contreras', 'Angie Nunez', 'Brian Moore']",Same town religious reason.,"['Animation', 'Musical']",1990-03-14,"['Guam', 'Saint Pierre and Miquelon', 'Moldova']",['Gaelic'],"['North Anthony', 'Lake Norma', 'Coopermouth', 'West Natashashire']","Patterson, White and Thomas",560545,8041441,103
court,0.3,"['Brian Moore', 'Randy Martinez']","['Angie Nunez', 'Pamela Cooper']","['Randy Martinez', 'Angie Nunez']",Question could garden fear pick particular save exist.,"['Musical', 'Biographical', 'Adventure']",2016-02-12,"['Turkey', 'Chile', 'Venezuela']","['Bashkir', 'Luxembourgish', 'Aymara', 'Sanskrit', 'Icelandic']","['Port Mark', 'Michaelborough']","Morrison, Coleman and Garcia",8700574,2964283,123
every,7.7,"['Rachel Santos', 'Peter Stephens', 'Randy Martinez', 'Tracy Hendricks', 'Randy Martinez']","['Angie Nunez', 'Mrs. Jessica Contreras', 'Tracy Hendricks', 'Timothy Johnson']",['Angie Nunez'],Always value condition.,['Biographical'],1978-06-17,"['Niger', 'Tuvalu']","['Latin', 'Romanian']","['Joannhaven', 'East Christina', 'Angelaton']",Porter-Perry,7024127,649482,137
race,9.3,"['Rachel Santos', 'Pamela Cooper', 'Mrs. Jessica Contreras']","['Brian Moore', 'Randy Martinez', 'Angie Nunez', 'Tracy Hendricks']","['Brian Moore', 'Pamela Cooper', 'Pamela Cooper', 'Tracy Hendricks']",Not mean sell paper child collection may.,"['Sport', 'Sport', 'Drama']",2019-07-09,"['Malta', 'Cyprus', 'Cocos (Keeling) Islands']",['Javanese'],"['Alexandertown', 'Lake Jenniferport']",Turner-Hale,1600515,8653064,107
that,0.7,"['Mrs. Jessica Contreras', 'Peter Stephens', 'Angie Nunez']",['Timothy Johnson'],"['Jennifer Braun', 'Peter Stephens']",Quite else fill best office speak center.,"['War', 'Crime', 'Adventure', 'Adventure', 'Family']",2019-04-18,['Lesotho'],['Occitan'],"['Stonetown', 'Chungshire']",Liu PLC,135413,794935,84
onto,0.7,"['Tracy Hendricks', 'Angie Nunez', 'Randy Martinez', 'Rachel Santos', 'Rachel Santos']","['Angie Nunez', 'Brian Moore', 'Brian Moore']","['Brian Moore', 'Angie Nunez', 'Rachel Santos']",Lose miss various be.,"['Comedy', 'Sport', 'Thriller', 'Thriller', 'Sport']",2010-06-09,['Mozambique'],['Ewe'],"['West Laura', 'Adamville', 'Colonburgh']",Choi-Johnson,2393506,6166407,168
method,4.9,"['Rachel Santos', 'Brian Moore', 'Angie Nunez', 'Brian Moore', 'Timothy Johnson']","['Angie Nunez', 'Jennifer Braun', 'Jennifer Braun']","['Jennifer Braun', 'Mrs. Jessica Contreras', 'Angie Nunez', 'Randy Martinez']",Floor age need often oil mother me.,['Animation'],2008-05-29,"['Bahamas', 'Mali', 'Isle of Man']",['Corsican'],"['Carpenterport', 'Michaelborough']",Herman-Erickson,6547127,3899721,66
pay,5.5,['Angie Nunez'],"['Timothy Johnson', 'Tracy Hendricks']","['Tracy Hendricks', 'Angie Nunez', 'Angie Nunez', 'Peter Stephens']",Include strong environment western.,"['Science Fiction (Sci-Fi)', 'Sport', 'Musical']",2016-01-02,"['Guinea-Bissau', 'Dominica', 'Bulgaria', 'Papua New Guinea']","['Gaelic', 'Urdu', 'Sichuan Yi', 'Bosnian', 'Tahitian']",['Garciafort'],"Ross, Joyce and Turner",2905982,5262442,80
treat,4.9,"['Peter Stephens', 'Jennifer Braun', 'Peter Stephens']","['Randy Martinez', 'Peter Stephens', 'Angie Nunez']",['Tracy Hendricks'],Something into career front issue go everything.,"['Historical', 'Family', 'Western', 'Science Fiction (Sci-Fi)', 'Fantasy']",1986-08-24,"['Latvia', 'Indonesia', 'Monaco', 'Panama']","['Sichuan Yi', 'Haitian', 'Malagasy', 'Ossetian']","['Emilyborough', 'Isaiahfurt']","Hernandez, Robinson and Johnson",6230384,5129771,82
point,6.3,"['Peter Stephens', 'Angie Nunez', 'Rachel Santos']",['Tracy Hendricks'],['Mrs. Jessica Contreras'],Society hot tonight soon whole Mr.,['War'],2022-09-09,"['Moldova', 'Iraq', 'Turkmenistan', 'Azerbaijan', 'Haiti']",['Tatar'],['Richardchester'],"Wheeler, Wyatt and Hughes",9277829,2197723,125
sure,8.3,"['Tracy Hendricks', 'Peter Stephens']",['Randy Martinez'],"['Pamela Cooper', 'Brian Moore']",Lay will many.,['Horror'],1993-09-07,"['Palau', 'Kyrgyz Republic', 'United Kingdom']",['Kikuyu'],"['Kristinechester', 'Port Nicholas', 'Erinfort', 'Smithview', 'New Angelachester']","Harris, Burns and Hahn",1117235,7616709,129
matter,3.1,['Mrs. Jessica Contreras'],"['Angie Nunez', 'Rachel Santos', 'Jennifer Braun', 'Jennifer Braun', 'Peter Stephens']","['Jennifer Braun', 'Angie Nunez']",General type dream black possible opportunity.,"['Adventure', 'Western', 'Action']",1974-10-06,['Bouvet Island (Bouvetoya)'],['Bihari languages'],"['South Lauren', 'Deanmouth']",Kemp-Atkinson,336224,8057350,176
food,2.4,"['Rachel Santos', 'Mrs. Jessica Contreras']",['Tracy Hendricks'],"['Randy Martinez', 'Randy Martinez', 'Pamela Cooper']",Cultural wonder state the else.,"['Musical', 'Adventure']",2020-03-28,"['Christmas Island', 'Honduras', 'Ghana']","['Estonian', 'Kannada']",['West Daniel'],Johnson LLC,6179354,2083862,168
than,9.6,"['Tracy Hendricks', 'Pamela Cooper', 'Angie Nunez']","['Timothy Johnson', 'Brian Moore']",['Jennifer Braun'],Executive position enter yet against.,"['Science Fiction (Sci-Fi)', 'Historical']",1999-09-16,['Turks and Caicos Islands'],"['Czech', 'Swahili', 'Javanese', 'Limburgan']",['Port Donnachester'],Jones-Boyer,6804295,3763883,148
fly,5.7,"['Brian Moore', 'Timothy Johnson', 'Angie Nunez']","['Randy Martinez', 'Jennifer Braun', 'Timothy Johnson', 'Pamela Cooper', 'Brian Moore']",['Peter Stephens'],Morning home trade wall.,"['Family', 'Documentary', 'War']",1989-11-03,"['Mozambique', 'Northern Mariana Islands', 'Central African Republic', 'Bahamas', 'Burundi']","['Chinese', 'Lao']","['West Georgefort', 'Nancymouth', 'New Tylerchester', 'Nathanshire', 'Wilsonhaven']","Gomez, Roman and Herrera",9649955,1980869,138
short,8.9,"['Pamela Cooper', 'Jennifer Braun']","['Tracy Hendricks', 'Jennifer Braun']","['Timothy Johnson', 'Rachel Santos']",Project leader responsibility book senior economic.,"['Biographical', 'Drama', 'Adventure']",1984-01-29,"['French Guiana', 'Iraq', 'Bhutan', 'Fiji', 'Swaziland']","['Divehi', 'Bislama']","['New Karenton', 'Shawnfort']","Blake, Jones and Smith",8472687,2604619,165
campaign,5.9,"['Mrs. Jessica Contreras', 'Peter Stephens', 'Peter Stephens']","['Jennifer Braun', 'Mrs. Jessica Contreras', 'Brian Moore']","['Timothy Johnson', 'Jennifer Braun', 'Peter Stephens']",Provide stuff run rate.,"['Superhero', 'Action', 'Animation', 'Horror', 'Action']",1994-07-23,"['Svalbard & Jan Mayen Islands', 'Haiti', 'Botswana', 'Czech Republic', 'Kazakhstan']","['Assamese', 'Sundanese']","['North Sherry', 'Roseton']",Giles PLC,4806728,6843801,113
public,5.6,"['Randy Martinez', 'Jennifer Braun', 'Mrs. Jessica Contreras', 'Mrs. Jessica Contreras', 'Rachel Santos']","['Randy Martinez', 'Brian Moore', 'Timothy Johnson']",['Brian Moore'],Local field technology value themselves such what start.,"['Action', 'Musical', 'Horror', 'Family', 'Drama']",1990-12-09,"['Barbados', 'Dominica', 'Egypt', 'Djibouti', 'Azerbaijan']",['Divehi'],"['East Cassandrafort', 'Floresburgh', 'Snyderbury', 'Carlsonview']","York, Ballard and Harrison",431213,9318259,124
focus,5.8,"['Peter Stephens', 'Rachel Santos', 'Brian Moore', 'Rachel Santos', 'Mrs. Jessica Contreras']","['Angie Nunez', 'Brian Moore', 'Jennifer Braun', 'Angie Nunez']",['Mrs. Jessica Contreras'],Care fall month.,"['Science Fiction (Sci-Fi)', 'Musical', 'Superhero', 'Adventure', 'Crime']",1994-11-02,"['Syrian Arab Republic', 'Hungary', 'Mali', 'Tuvalu']","['Mongolian', 'Western Frisian', 'Xhosa', 'Lao']","['West Danny', 'Parkstown']","Cantu, Wallace and Wolfe",3195147,7271013,169
surface,5.0,"['Tracy Hendricks', 'Jennifer Braun', 'Pamela Cooper', 'Angie Nunez', 'Mrs. Jessica Contreras']",['Pamela Cooper'],['Angie Nunez'],Along project finally tonight forget civil husband.,"['Superhero', 'Science Fiction (Sci-Fi)', 'Science Fiction (Sci-Fi)', 'Family', 'Sport']",2007-05-30,['Nicaragua'],"['Romansh', 'Fulah']","['Lydiamouth', 'Lake Lisamouth', 'Juanchester', 'Port Andrea']","Taylor, Tucker and Black",1637220,3326317,73
how,1.5,"['Brian Moore', 'Tracy Hendricks', 'Pamela Cooper', 'Timothy Johnson', 'Jennifer Braun']","['Timothy Johnson', 'Tracy Hendricks']","['Pamela Cooper', 'Rachel Santos']",Population adult look bring speech within.,"['Horror', 'Documentary', 'Horror', 'Mystery', 'Adventure']",2003-10-19,"['Panama', 'Serbia', 'Netherlands']","['Church Slavic', 'Urdu', 'Marathi', 'Nepali']",['Joshuahaven'],Morris PLC,1189293,5522514,75
beautiful,1.0,['Mrs. Jessica Contreras'],"['Mrs. Jessica Contreras', 'Peter Stephens', 'Timothy Johnson', 'Peter Stephens', 'Mrs. Jessica Contreras']","['Timothy Johnson', 'Timothy Johnson', 'Randy Martinez', 'Angie Nunez']",Cold concern activity meet artist history site.,['Thriller'],1986-06-03,['India'],['English'],"['Mariastad', 'Scotthaven', 'Gloriamouth', 'Mckenziestad']",Adams-Costa,4976160,8322705,159
value,2.9,"['Randy Martinez', 'Peter Stephens', 'Brian Moore', 'Brian Moore', 'Angie Nunez']","['Rachel Santos', 'Rachel Santos', 'Tracy Hendricks', 'Peter Stephens']","['Peter Stephens', 'Peter Stephens']",Candidate public president still single something act.,"['Drama', 'Sport', 'Sport', 'Comedy', 'Horror']",1972-10-03,"['Slovenia', 'Kyrgyz Republic', 'Sao Tome and Principe', 'Sri Lanka']","['Ganda', 'Sardinian']","['East Jerrytown', 'Anthonyfurt']",Horton Group,1463850,2011646,146
security,8.2,['Angie Nunez'],"['Peter Stephens', 'Peter Stephens', 'Timothy Johnson', 'Pamela Cooper']","['Peter Stephens', 'Timothy Johnson', 'Angie Nunez', 'Tracy Hendricks', 'Rachel Santos']",Early idea four point music.,"['Mystery', 'Thriller']",1995-12-26,"['Dominican Republic', 'Angola', 'Greece']","['Kanuri', 'Kurdish']","['South Seanstad', 'Cookshire', 'Phillipston']","Matthews, Hicks and Carlson",1117993,8449095,150
gas,3.2,"['Randy Martinez', 'Angie Nunez', 'Pamela Cooper', 'Jennifer Braun', 'Brian Moore']",['Pamela Cooper'],"['Angie Nunez', 'Randy Martinez']",I senior threat but.,"['Thriller', 'Adventure', 'Crime', 'Adventure']",1995-10-18,"['Zimbabwe', 'Equatorial Guinea', 'Maldives']","['Walloon', 'Slovenian', 'Luba-Katanga', 'Sardinian', 'Italian']","['South Tammyville', 'Youngville', 'Port Thomasbury', 'North Ann']","Melton, Smith and Collins",8802708,6412396,128
develop,1.4,"['Timothy Johnson', 'Mrs. Jessica Contreras']","['Mrs. Jessica Contreras', 'Angie Nunez', 'Randy Martinez', 'Randy Martinez']",['Peter Stephens'],Meeting actually after seek.,"['Biographical', 'Western', 'Family', 'Thriller', 'Science Fiction (Sci-Fi)']",2011-10-06,"['Rwanda', 'Peru', 'Cuba', 'Mozambique']",['Uighur'],['Steventon'],"Kramer, Trevino and Crawford",9181938,7959136,177
agent,5.5,"['Tracy Hendricks', 'Peter Stephens', 'Mrs. Jessica Contreras']","['Angie Nunez', 'Tracy Hendricks']","['Tracy Hendricks', 'Randy Martinez', 'Brian Moore', 'Randy Martinez']",Born success take message those themselves.,"['Science Fiction (Sci-Fi)', 'Historical', 'Western', 'Drama', 'Action']",2010-07-11,"['Philippines', 'Jersey']","['Latvian', 'Ossetian', 'French']","['Lake Raymond', 'South Heatherbury']",Ponce-Trevino,9701248,7783475,77
key,2.4,"['Mrs. Jessica Contreras', 'Peter Stephens', 'Pamela Cooper']","['Mrs. Jessica Contreras', 'Peter Stephens', 'Jennifer Braun', 'Brian Moore']","['Peter Stephens', 'Jennifer Braun', 'Jennifer Braun']",Of plant action inside finish.,"['Fantasy', 'Crime', 'Family']",1983-01-17,"['Togo', 'Congo', 'South Georgia and the South Sandwich Islands', 'Mexico']","['Lingala', 'Maori', 'Chinese']","['Martinland', 'North Alisonton', 'New Michael']",Sanders-Chavez,4765490,7337661,141
others,3.0,"['Brian Moore', 'Pamela Cooper']","['Peter Stephens', 'Tracy Hendricks', 'Mrs. Jessica Contreras']","['Jennifer Braun', 'Timothy Johnson', 'Mrs. Jessica Contreras', 'Angie Nunez']",Fight program start ground.,"['Fantasy', 'Thriller', 'War', 'Biographical']",1970-12-31,"['Niue', 'Jordan', 'Mauritania']","['Interlingue', 'Chechen']","['Lake Michael', 'Roymouth']",Thomas Group,4790963,4087188,126
when,4.5,"['Randy Martinez', 'Brian Moore', 'Jennifer Braun']","['Pamela Cooper', 'Jennifer Braun', 'Tracy Hendricks']","['Mrs. Jessica Contreras', 'Angie Nunez']",Can sure he drop behind health case simply.,"['Fantasy', 'Fantasy', 'War', 'Crime', 'Historical']",1992-08-06,['Swaziland'],"['Herero', 'Herero']","['Keithberg', 'Tylerville']",Rogers LLC,2815638,7933111,111
morning,0.3,"['Randy Martinez', 'Jennifer Braun', 'Angie Nunez', 'Pamela Cooper']","['Mrs. Jessica Contreras', 'Jennifer Braun', 'Timothy Johnson']","['Mrs. Jessica Contreras', 'Mrs. Jessica Contreras', 'Peter Stephens', 'Timothy Johnson', 'Pamela Cooper']",Care business into once break task.,"['War', 'Science Fiction (Sci-Fi)', 'Animation']",1993-09-08,"['French Southern Territories', 'Oman']","['German', 'Limburgan']","['Christineshire', 'Calvinfurt', 'South Christopherfurt', 'North Tracy']",Nunez-Massey,8406342,8985317,115
true,2.6,"['Timothy Johnson', 'Timothy Johnson', 'Brian Moore', 'Peter Stephens']","['Randy Martinez', 'Peter Stephens', 'Jennifer Braun', 'Brian Moore']",['Rachel Santos'],Seat morning pay defense still.,"['Superhero', 'Family', 'Biographical', 'Science Fiction (Sci-Fi)', 'Western']",2023-01-20,"['Heard Island and McDonald Islands', 'Puerto Rico', 'Hong Kong']",['Shona'],['New Alyssa'],"Martin, Davis and Rodriguez",5977002,2372111,121
challenge,6.6,"['Tracy Hendricks', 'Randy Martinez', 'Tracy Hendricks', 'Mrs. Jessica Contreras']","['Tracy Hendricks', 'Jennifer Braun', 'Randy Martinez', 'Rachel Santos', 'Tracy Hendricks']","['Tracy Hendricks', 'Rachel Santos', 'Randy Martinez', 'Brian Moore', 'Mrs. Jessica Contreras']",Director tree attention oil.,"['Family', 'Horror', 'War', 'Adventure']",2022-02-18,"['United Kingdom', 'Saint Helena', 'Suriname', 'Iran', 'Tunisia']","['English', 'Avaric', 'Bashkir', 'Danish']","['Sarahberg', 'West Teresa', 'Aliciafurt']","Horton, Diaz and Jackson",3744521,8790157,160
case,1.4,"['Rachel Santos', 'Jennifer Braun']",['Randy Martinez'],"['Brian Moore', 'Timothy Johnson']",Wonder yet less lay thank each item.,"['Family', 'Action', 'Animation', 'Sport', 'Musical']",1999-03-15,"['French Guiana', 'United Arab Emirates', 'Portugal', 'Zimbabwe']","['Bengali', 'Chichewa']","['East Aaronborough', 'Robertbury', 'Shawnton', 'East Feliciaburgh', 'Fowlertown']",Graves and Sons,4450547,5416136,142
eat,2.9,"['Jennifer Braun', 'Randy Martinez']","['Rachel Santos', 'Angie Nunez', 'Rachel Santos', 'Randy Martinez']",['Peter Stephens'],Despite blue recognize every hope.,"['Action', 'Biographical', 'Drama', 'Documentary']",1978-11-11,"['South Georgia and the South Sandwich Islands', 'Togo']","['Oriya', 'Herero', 'Ossetian']","['Port Stephanieburgh', 'New Glennfurt']",Baxter-Miller,2297619,429529,105
adult,3.0,"['Rachel Santos', 'Pamela Cooper', 'Mrs. Jessica Contreras', 'Peter Stephens', 'Pamela Cooper']","['Peter Stephens', 'Timothy Johnson']",['Rachel Santos'],Course civil serious require moment people.,"['Crime', 'Biographical', 'Musical', 'Superhero']",2000-09-27,"['Italy', 'Pakistan', 'Dominican Republic']","['Dzongkha', 'Icelandic', 'Tigrinya', 'Abkhazian', 'Norwegian Nynorsk']","['Gregorytown', 'Garciaberg', 'Gregoryland']",Irwin-Goodwin,8470652,2252443,106
kitchen,1.5,"['Pamela Cooper', 'Mrs. Jessica Contreras']","['Timothy Johnson', 'Angie Nunez', 'Peter Stephens', 'Randy Martinez']",['Peter Stephens'],Increase method fall they admit stuff religious.,"['Mystery', 'Western', 'Western', 'Sport', 'War']",1981-02-22,"['Maldives', 'Tuvalu', 'Palau', 'Dominica']","['Slovak', 'Malay']","['Reidland', 'Erikamouth']","Morrison, Watson and Garcia",6437090,2331568,133
science,4.6,['Jennifer Braun'],"['Peter Stephens', 'Peter Stephens', 'Randy Martinez', 'Jennifer Braun', 'Angie Nunez']","['Pamela Cooper', 'Jennifer Braun', 'Peter Stephens', 'Jennifer Braun']",Policy letter seek popular recognize would especially.,"['Musical', 'Fantasy', 'Mystery']",1992-08-21,"['Iceland', 'Malaysia', 'Netherlands Antilles', 'Antigua and Barbuda', 'Uganda']",['Tahitian'],"['Lake Melissashire', 'East Josephport', 'South Alanport']","Johnson, Rios and Benton",5623638,8219351,167
enough,7.7,['Randy Martinez'],"['Peter Stephens', 'Tracy Hendricks', 'Timothy Johnson', 'Randy Martinez', 'Peter Stephens']","['Peter Stephens', 'Timothy Johnson', 'Mrs. Jessica Contreras', 'Brian Moore', 'Peter Stephens']",Network event whole head measure pay agreement.,"['Documentary', 'Comedy']",1993-01-08,"['Cocos (Keeling) Islands', 'Fiji']","['Korean', 'Portuguese']","['New Priscilla', 'South Aaron', 'Lake Ronald', 'Kellyfort']",Stone-Pacheco,1357547,5929312,142
lot,4.1,"['Brian Moore', 'Pamela Cooper', 'Mrs. Jessica Contreras']","['Timothy Johnson', 'Mrs. Jessica Contreras', 'Peter Stephens', 'Randy Martinez', 'Pamela Cooper']","['Tracy Hendricks', 'Rachel Santos']",Fish food cold here.,"['Adventure', 'Biographical', 'Biographical', 'Adventure']",1995-06-08,"['Malta', 'Finland', 'Anguilla']","['Yoruba', 'Inupiaq', 'Haitian', 'Slovenian', 'Rundi']",['Moraleschester'],Jones-Casey,4836205,7732273,180
seat,6.3,"['Jennifer Braun', 'Brian Moore', 'Timothy Johnson']","['Jennifer Braun', 'Brian Moore']","['Timothy Johnson', 'Angie Nunez']",Bar admit understand magazine.,"['Documentary', 'Science Fiction (Sci-Fi)', 'Superhero', 'Musical', 'Crime']",1972-06-03,"['Isle of Man', 'Barbados']","['Lao', 'Gaelic', 'North Ndebele', 'Polish']","['Mannborough', 'Traceyhaven', 'New Peterville', 'North Angelicatown', 'Wyattfort']",Jenkins and Sons,3795375,2457985,158
it,0.8,"['Peter Stephens', 'Peter Stephens', 'Tracy Hendricks']","['Rachel Santos', 'Timothy Johnson', 'Peter Stephens']","['Brian Moore', 'Timothy Johnson', 'Pamela Cooper', 'Brian Moore', 'Randy Martinez']",National make where know save American tough.,['Science Fiction (Sci-Fi)'],2007-07-11,['Marshall Islands'],['Bislama'],"['Ortegachester', 'Contrerasborough', 'Andradeshire', 'New Kellyport']","Vang, Keith and Huffman",7408173,8148152,83
sometimes,4.0,"['Pamela Cooper', 'Randy Martinez', 'Timothy Johnson', 'Pamela Cooper', 'Jennifer Braun']","['Angie Nunez', 'Jennifer Braun', 'Peter Stephens', 'Mrs. Jessica Contreras', 'Pamela Cooper']","['Jennifer Braun', 'Angie Nunez']",Offer million best anything.,"['Science Fiction (Sci-Fi)', 'Western', 'Science Fiction (Sci-Fi)', 'Romance']",1979-12-18,"['Nauru', 'Namibia']","['Latin', 'Kannada', 'Kongo', 'Tamil', 'Assamese']","['Grantfurt', 'Johnhaven', 'Williamview', 'West David']",Daniel-Jordan,2718981,7867886,66
business,2.9,"['Brian Moore', 'Tracy Hendricks', 'Timothy Johnson']","['Peter Stephens', 'Peter Stephens', 'Jennifer Braun']","['Timothy Johnson', 'Timothy Johnson', 'Peter Stephens']",Common who nothing could.,['Historical'],1984-07-07,"['Niue', 'Saint Barthelemy']","['Hausa', 'Twi', 'Wolof', 'Bihari languages', 'Interlingue']","['Watsonstad', 'West Joseph', 'Trujilloshire', 'Port Shannon', 'Sarahside']",Pitts-Fernandez,707376,3312441,167
already,9.6,"['Peter Stephens', 'Pamela Cooper', 'Brian Moore']","['Timothy Johnson', 'Jennifer Braun']","['Jennifer Braun', 'Angie Nunez']",Then hundred account shake.,"['Mystery', 'Musical', 'Superhero', 'Documentary', 'Mystery']",2019-02-05,"['Argentina', 'Paraguay']","['Fulah', 'Hiri Motu', 'Fulah', 'Belarusian', 'Tibetan']","['Christopherton', 'Aguilarport', 'New Christine', 'Grossview', 'West Shannonburgh']",Jackson Ltd,9153379,5678730,120
course,0.3,"['Pamela Cooper', 'Randy Martinez', 'Tracy Hendricks', 'Tracy Hendricks', 'Angie Nunez']",['Rachel Santos'],['Angie Nunez'],Movie out fall food compare.,['Family'],1986-01-05,"['Saint Martin', 'North Macedonia', 'Slovenia', 'Bouvet Island (Bouvetoya)']","['Guarani', 'Tatar']","['Ginashire', 'Davisland', 'Ryantown']",Boyle-Jacobs,452819,173573,65
easy,0.7,"['Tracy Hendricks', 'Pamela Cooper', 'Pamela Cooper', 'Tracy Hendricks']",['Randy Martinez'],"['Peter Stephens', 'Randy Martinez', 'Mrs. Jessica Contreras', 'Timothy Johnson']",Remain house moment more weight.,"['Horror', 'Crime', 'Superhero']",2018-11-05,"['Reunion', 'Liechtenstein', 'Moldova']","['Afrikaans', 'Sardinian', 'Oriya']","['Michaelborough', 'Lake Cynthiamouth', 'Lake Richard', 'North Caitlynfort', 'Harristown']","Johnson, Rollins and Alexander",854887,8604733,161
product,7.6,"['Angie Nunez', 'Randy Martinez', 'Randy Martinez']","['Randy Martinez', 'Peter Stephens', 'Mrs. Jessica Contreras', 'Randy Martinez', 'Mrs. Jessica Contreras']","['Rachel Santos', 'Tracy Hendricks', 'Pamela Cooper', 'Jennifer Braun', 'Randy Martinez']",Total pick run wish.,"['Animation', 'Horror']",1987-03-26,"['Mozambique', 'New Zealand', 'Colombia', 'French Guiana', 'Mayotte']","['English', 'Vietnamese', 'North Ndebele', 'Mongolian', 'Zulu']",['Isaiahmouth'],"Rose, Smith and White",8647775,5739257,139
relate,9.6,"['Randy Martinez', 'Peter Stephens', 'Pamela Cooper', 'Tracy Hendricks', 'Randy Martinez']","['Pamela Cooper', 'Pamela Cooper', 'Randy Martinez']","['Jennifer Braun', 'Rachel Santos', 'Jennifer Braun', 'Angie Nunez', 'Brian Moore']",Since tonight number decide sit.,['Family'],2006-05-22,"['Hungary', 'Netherlands Antilles', 'Singapore']","['Oromo', 'Danish', 'Uzbek', 'Komi']","['Patelfort', 'South Jasminburgh', 'South Richardmouth']",Kerr Inc,4749725,5139969,99
know,0.5,"['Rachel Santos', 'Peter Stephens', 'Randy Martinez']","['Brian Moore', 'Timothy Johnson']",['Tracy Hendricks'],Officer thought man nation give contain.,['Action'],1997-09-17,"['Palau', 'Tunisia']",['Kalaallisut'],['East Vernon'],Mccoy Inc,6144861,4103744,171
company,0.8,"['Rachel Santos', 'Jennifer Braun']",['Timothy Johnson'],"['Brian Moore', 'Randy Martinez']",Bring bring item land apply Republican rather someone.,['Romance'],1987-10-26,"['Nigeria', 'Iraq']","['Uzbek', 'Marshallese', 'Oromo', 'Ndonga', 'Igbo']","['East Nicholasborough', 'Hollowayburgh']","Neal, Briggs and Leon",2520918,2282216,144
stay,4.3,"['Randy Martinez', 'Jennifer Braun']","['Mrs. Jessica Contreras', 'Brian Moore', 'Mrs. Jessica Contreras', 'Pamela Cooper']","['Angie Nunez', 'Mrs. Jessica Contreras', 'Tracy Hendricks']",Will prepare book.,['Crime'],2017-09-09,"['Burundi', 'Gambia']",['Tagalog'],"['East Amberchester', 'Lake Shannonport']",Lee Ltd,2261977,9563000,163
no,3.0,"['Tracy Hendricks', 'Randy Martinez', 'Angie Nunez', 'Pamela Cooper']","['Tracy Hendricks', 'Randy Martinez', 'Pamela Cooper']","['Peter Stephens', 'Angie Nunez', 'Pamela Cooper']",Child light already should.,"['Western', 'Documentary', 'Sport', 'Family', 'Western']",1973-04-18,"['Niue', 'Seychelles', 'Moldova']",['Kongo'],"['Port Richard', 'Robinbury', 'West John']","Williams, Melendez and Russell",6543235,4873212,126
easy,5.9,"['Mrs. Jessica Contreras', 'Mrs. Jessica Contreras', 'Angie Nunez', 'Timothy Johnson', 'Mrs. Jessica Contreras']",['Rachel Santos'],"['Pamela Cooper', 'Mrs. Jessica Contreras', 'Peter Stephens', 'Tracy Hendricks']",Sport single imagine data.,['War'],2001-06-04,"['Djibouti', 'Svalbard & Jan Mayen Islands']",['South Ndebele'],['North Peter'],Flores-Hoffman,3245770,2117132,105
